Name,ID,URL where June 2016 polling stations PDF might reasonably be expected to be found,PDF URL of list of polling stations (for May 2016),PDF URL of list of polling stations (for June 2016),Polling station finder,emailed by joe on Friday 20 May
Hartlepool Borough Council,E06000001,https://www.hartlepool.gov.uk/info/20033/elections_and_voting,https://www.hartlepool.gov.uk/info/20033/elections_and_voting/565/polling_station_locations,,https://www.hartlepool.gov.uk/info/20033/elections_and_voting/565/polling_station_locations,Yes.
Middlesbrough Council,E06000002,http://www.middlesbrough.gov.uk/index.aspx?articleid=2516,https://www.stockton.gov.uk/media/6553/mbro-situation-of-polling-station-notice.docx,,,Yes.
Redcar and Cleveland Borough Council,E06000003,http://www.redcar-cleveland.gov.uk/rcbcweb.nsf/Web+Full+List/E930BDD3924483C880257F7D005203F2?OpenDocument,https://www.stockton.gov.uk/media/6554/rcbc-situation-of-polling-station-notice.docx,,,Yes.
Stockton-on-Tees Borough Council,E06000004,https://www.stockton.gov.uk/stockton-council/elections-and-voting/referendums/,https://www.stockton.gov.uk/media/6555/sbc-situation-of-polling-station-notice-3.docx,,,
Darlington Borough Council,E06000005,http://www.darlington.gov.uk/your-council/democracy/elections-and-electoral-registration/,http://www.darlington.gov.uk/media/1053495/Darlington-Situation-of-Polling-Station-Notice-PCC.pdf,,,
Halton Borough Council,E06000006,http://www3.halton.gov.uk/Pages/councildemocracy/Elections.aspx,,,,
Warrington Borough Council,E06000007,https://www.warrington.gov.uk/info/201106/voting_and_elections/2232/eu_referendum,https://www.warrington.gov.uk/download/downloads/id/10331/polling_stations_-_pcc.pdf,,,
Blackburn with Darwen Borough Council,E06000008,http://www.blackburn.gov.uk/Pages/Elections-and-voting.aspx,http://www.blackburn.gov.uk/Lists/DownloadableDocuments/Situation-of-Polling-Stations-Blackburn.pdf,,,
Blackpool Borough Council,E06000009,https://www.blackpool.gov.uk/Your-Council/Voting-and-elections/Elections/EU-referendum/EU-Referendum.aspx,https://www.blackpool.gov.uk/Your-Council/Voting-and-elections/Elections/Police-and-Crime-Commissioner-Elections/Situation-of-polling-station-notice.aspx,,,
Hull City Council,E06000010,"http://www.hullcc.gov.uk/portal/page?_pageid=221,1543108&_dad=portal&_schema=PORTAL",http://www.hullcc.gov.uk/pls/portal/docs/PAGE/HOME/COUNCIL%20GOVERNMENT%20AND%20DEMOCRACY/ELECTIONS%20AND%20VOTING/LOCAL%20ELECTIONS/POLLING%20STATIONS%20FOR%202011/POLLINGSTATIONLIST_2016.PDF,,,
East Riding of Yorkshire Council,E06000011,http://www2.eastriding.gov.uk/council/elections-and-voting/elections/election-notices/,http://www2.eastriding.gov.uk/EasySiteWeb/GatewayLink.aspx?alId=628532,,,
North East Lincolnshire Council,E06000012,https://www.nelincs.gov.uk/councillors-and-democracy/elections-and-electoral-registration/eu-referendum-23rd-june-2016/,http://www2.eastriding.gov.uk/EasySiteWeb/GatewayLink.aspx?alId=628535,https://www.nelincs.gov.uk/wp-content/uploads/2016/05/Polling-Stations-by-Ward-Website-EU-23rd-June-2016.pdf,,
North Lincolnshire Council,E06000013,http://www.northlincs.gov.uk/your-council/have-your-say/elections-and-voting/find-our-when-the-next-election-is/,http://www.northlincs.gov.uk/EasySiteWeb/GatewayLink.aspx?alId=28918,,,
City of York Council,E06000014,https://www.york.gov.uk/EUReferendum,,,,
Derby City Council,E06000015,http://www.derby.gov.uk/council-and-democracy/councillors-democracy-elections/eu-ref-2016/,http://www.derby.gov.uk/media/derbycitycouncil/contentassets/documents/councilanddemocracy/DerbyCityCouncil_PCC_Election_Situation_of_Polling_Station_Notice.pdf,,http://www.derby.gov.uk/council-and-democracy/councillors-democracy-elections/polling-stations/,
Leicester City Council,E06000016,http://www.leicester.gov.uk/your-council/elections-and-voting/eu-referendum/,http://www.leicester.gov.uk/media/181195/situation-of-polling-station-notice.pdf,,,
Rutland County Council,E06000017,http://www.rutland.gov.uk/council_and_democracy/elections__electoral_registra/eu_referendum_june_2016.aspx,http://www.rutland.gov.uk/pdf/Situation%20of%20Polling%20Stations%20-%2025%20April%202016.pdf,,,
Nottingham City Council,E06000018,http://beta.nottinghamcity.gov.uk/about-the-council/voting-elections/register-to-vote/,,,,
Herefordshire Council,E06000019,https://www.herefordshire.gov.uk/government-citizens-and-rights/democracy/referenda-general-information,,,,
Telford and Wrekin Council,E06000020,http://www.telford.gov.uk/info/20107/elections/51/notices_and_results,http://www.telford.gov.uk/download/downloads/id/4118/situation_of_polling_stations.pdf,,,
Stoke-on-Trent City Council,E06000021,http://www.stoke.gov.uk/ccm/content/council-and-democracy/elections/european-union-referendum---june-23.en,,,,
Bath and North East Somerset Council,E06000022,http://www.bathnes.gov.uk/services/your-council-and-democracy/elections/referendum-uk%E2%80%99s-membership-eu,http://www.avonpccelection2016.org.uk/sites/default/files/PCC_2016_Situation%20of%20Polling%20Stations_Bath%26NESomerset.pdf,,,
Bristol City Council,E06000023,https://www.bristol.gov.uk/voting-elections/eu-referendum,https://www.bristol.gov.uk/documents/20182/476448/Notice+of+Poll+Mayoral+2016/7274dfdd-3196-4926-a0d0-f36be69ba075,,https://www.bristol.gov.uk/voting-elections/polling-station-finder,
North Somerset Council,E06000024,http://www.n-somerset.gov.uk/my-council/voting/elections/european-union-referendum/,http://www.n-somerset.gov.uk/wp-content/uploads/2016/03/Situation-of-Polling-Station-Notice-PCC2016.pdf,,,
South Gloucestershire Council,E06000025,http://www.southglos.gov.uk/council-and-democracy/councillors-democracy-and-elections/elections-voting/,http://www.avonpccelection2016.org.uk/sites/default/files/PCC_2016_Situation%20of%20Polling%20Stations_South-Gloucestershire_0.pdf,,,
Plymouth City Council,E06000026,http://www.plymouth.gov.uk/eureferendum.htm,http://www.plymouth.gov.uk/notice_of_situation_of_polling_stations_2016.pdf,,,
Torbay Borough Council,E06000027,http://www.torbay.gov.uk/index/getinvolved/elections/elections2016/eureferendum.htm,,,,
Bournemouth Borough Council,E06000028,http://www.bournemouth.gov.uk/ElectoralRegister/Elections/eu-referendum.aspx,http://www.bournemouth.gov.uk/ElectoralRegister/Elections/ElectionsDocs/Notice-of-Poll-including-Situation-of-Polling-Stations-and-combined-elections.pdf,,,
Poole Borough Council,E06000029,http://www.poole.gov.uk/your-council/elections-and-voting/elections/eu-referendum-2016/,,,http://www.poole.gov.uk/your-council/elections-and-voting/voting/polling-station-and-district-search/,
Swindon Borough Council,E06000030,http://www.swindon.gov.uk/info/20073/elections_and_voting/676/eu_referendum_2016,,,,
Peterborough City Council,E06000031,https://www.peterborough.gov.uk/council/elections/eu-referendum/,http://www.eastcambs.gov.uk/sites/default/files/PCC%20-%20Polling%20Stations%20PB.pdf,,https://www.peterborough.gov.uk/council/elections/polling-stations/,
Luton Borough Council,E06000032,http://www.luton.gov.uk/Council_government_and_democracy/Local-democracy/Elections/Pages/European-referendum-.aspx,http://www.luton.gov.uk/Council_government_and_democracy/Lists/LutonDocuments/PDF/PCC%20Elections/Notice%20of%20the%20situation%20of%20polling%20stations.pdf,,,
Southend-on-Sea Borough Council,E06000033,http://www.southend.gov.uk/info/200400/elections_and_registering_to_vote/309/election_announcements,,,http://southend.maps.arcgis.com/apps/webappviewer/index.html?id=23811b11d47542a197be274e3fb5c85c,
Thurrock Borough Council,E06000034,https://www.thurrock.gov.uk/elections-and-election-results/elections-and-referendum-2016,https://www.thurrock.gov.uk/sites/default/files/assets/documents/20160505_pcc_poll.pdf,,,
Medway Council,E06000035,http://www.medway.gov.uk/thecouncilanddemocracy/electionsandvoting/upcomingelections.aspx,http://www.kentparo.org.uk/PDF/Medway.pdf,,,
Bracknell Forest Council,E06000036,http://www.bracknell-forest.gov.uk/currentreferendums,,,http://www.bracknell-forest.gov.uk/electionspollingstations,
Reading Borough Council,E06000038,http://www.reading.gov.uk/EUReferendum,,,,
Slough Borough Council,E06000039,http://www.slough.gov.uk/council/voting-and-elections/2016-eu-referendum.aspx,,,,
Windsor and Maidenhead Council,E06000040,https://www3.rbwm.gov.uk/info/200131/elections_and_voting/435/upcoming_elections_and_referendums_in_2016,,,,
Wokingham Borough Council,E06000041,http://www.wokingham.gov.uk/council-and-meetings/elections-and-voting/european-union-referendum/,http://www.wokingham.gov.uk/EasySiteWeb/GatewayLink.aspx?alId=390352,,,
Milton Keynes Council,E06000042,http://www.milton-keynes.gov.uk/your-council-and-elections/elections-and-register-to-vote/elections/eu-referendum-23-june-2016,,,,
Brighton and Hove City Council,E06000043,http://www.brighton-hove.gov.uk/content/council-and-democracy/voting-and-elections/eu-referendum,,,,
Portsmouth City Council,E06000044,https://www.portsmouth.gov.uk/ext/the-council/voting-and-elections/european-union-referendum-23-june-2016.aspx,,,,
Southampton City Council,E06000045,http://www.southampton.gov.uk/council-democracy/voting-and-elections/elections-and-referenda/EU-Referendum-2016/,http://www.southampton.gov.uk/Images/PARO_NoP_and_SitoPS_SCC_tcm63-383210.pdf,,http://www.southampton.gov.uk/council-democracy/voting-and-elections/elections-and-referenda/ElectionsMay2016/find-your-polling-station.aspx,
Isle of Wight Council,E06000046,https://www.iwight.com/Council/Elections/Elections-Management/EU-Referendum,,,,
Durham County Council,E06000047,http://www.durham.gov.uk/EUreferendum,http://www.darlington.gov.uk/media/1053492/Situation-of-Polling-Stations-Police-and-Crime-Commissioner-Election-2016.pdf,,,
Cheshire East Council,E06000049,http://www.cheshireeast.gov.uk/council_and_democracy/voting_and_elections/eu-referendum.aspx,http://www.cheshireeast.gov.uk/pdf/elections/pcc-notice-of-polling-stations.pdf,,,
Cheshire West and Chester Council,E06000050,http://www.cheshirewestandchester.gov.uk/your_council/voting_and_elections/2016-elections-referendums/eu_referendum.aspx,,,,
Shropshire Council,E06000051,http://www.shropshire.gov.uk/democracy/voting-and-elections/eu-referendum/,,,,
Cornwall Council,E06000052,http://www.cornwall.gov.uk/council-and-democracy/elections/current-and-forthcoming-electionsreferendums/2016-european-union-referendum/,http://www.cornwall.gov.uk/media/18744787/situation-of-polling-stations-pcc-2016.pdf,,,
Wiltshire Council,E06000054,http://elections.wiltshire.gov.uk/Home/Division/1866,,http://services.wiltshire.gov.uk/Elections/Document/View/WiltshireSituationOfPollingStations.pdf?doc=2541,,
Bedford Borough Council,E06000055,http://www.bedford.gov.uk/council_and_democracy/elections/elections_-_general_info/eu_referendum.aspx,http://www.bedford.gov.uk/council_and_democracy/elections/elections_-_general_info/idoc.ashx?docid=85125f8a-2c91-493f-8771-958f06fd9d2b&version=-1,,,
Central Bedfordshire Council,E06000056,http://www.centralbedfordshire.gov.uk/council/elections/notice/referendum/eu-referendum.aspx,http://www.centralbedfordshire.gov.uk/Images/polling-stations_tcm3-15289.pdf,,,
Northumberland County Council,E06000057,http://www.northumberland.gov.uk/Councillors/Elections.aspx#noticeofelections,http://www.northumberland.gov.uk/NorthumberlandCountyCouncil/media/Councillors-and-Democracy/Notice%20of%20Elections/Situation-of-Polling-Stations.pdf,,,
Aylesbury Vale District Council,E07000004,http://democracy.aylesburyvaledc.gov.uk/mgGeneric.aspx?MD=mgEUreferendum,http://democracy.aylesburyvaledc.gov.uk/documents/s4172/PollingStationlistPCC2016.pdf,http://democracy.aylesburyvaledc.gov.uk/documents/s4226/PollingStationlistEUReferendum2016.pdf,,
Chiltern District Council,E07000005,http://www.chiltern.gov.uk/eu,http://www.chiltern.gov.uk/CHttpHandler.ashx?id=8242&p=0,,,
South Bucks District Council,E07000006,http://www.southbucks.gov.uk/EUReferendum,http://www.southbucks.gov.uk/CHttpHandler.ashx?id=8244&p=0,,http://www.southbucks.gov.uk/findyourpollingstation,
Wycombe District Council,E07000007,https://www.wycombe.gov.uk/pages/About-the-council/Elections-and-voting/EU-referendum-23-June-2016.aspx,https://www.wycombe.gov.uk/uploads/public/documents/Elections-and-land-charges/Election-notices-2015/situation-of-polling-station-notice.pdf,,,
Cambridge City Council,E07000008,https://www.cambridge.gov.uk/referendum-on-the-uks-membership-of-the-european-union,http://www.eastcambs.gov.uk/sites/default/files/PCC%20-%20Polling%20Stations%20Cambridge.pdf,,,
East Cambridgeshire District Council,E07000009,http://www.eastcambs.gov.uk/elections-voting/eu-referendum-2016,http://www.eastcambs.gov.uk/sites/default/files/PCC%20-%20Polling%20Stations%202016_0.pdf,,http://www.eastcambs.gov.uk/maps/polling-stations,
Fenland District Council,E07000010,http://www.fenland.gov.uk/euelection2016,http://www.fenland.gov.uk/CHttpHandler.ashx?id=7224&p=0,,http://www.fenland.gov.uk/polling-station-location,
Huntingdonshire District Council,E07000011,http://www.huntingdonshire.gov.uk/elections/upcoming-elections-and-results/,http://www.eastcambs.gov.uk/sites/default/files/PCC%20-%20Polling%20Stations%20Hunts.pdf,,,
Allerdale Borough Council,E07000026,http://www.allerdale.gov.uk/council-and-democracy/councillors-democracy-election/eu-referendum.aspx,http://www.allerdale.gov.uk/downloads/Allerdale_Situation_of_Polling_Stations.pdf,,,
Barrow-in-Furness Borough Council,E07000027,http://www.barrowbc.gov.uk/council-democracy/democracy-and-elections/elections-2016/european-union-referendum-2016/,http://www.barrowbc.gov.uk/EasySiteWeb/GatewayLink.aspx?alId=8381,,,
Carlisle City Council,E07000028,http://www.carlisle.gov.uk/Council/Voting-and-Elections/Upcoming-Elections,http://www.carlisle.gov.uk/Portals/0/Documents/Council/Voting_elections/Situation%20of%20Polling%20Station%20NoticePCC16.pdf,,,
Copeland Borough Council,E07000029,http://www.copelandbc.gov.uk/content/eu-referendum,http://www.copeland.gov.uk/sites/default/files/attachments/notice_of_polling_stations_pcc.pdf,,,
Eden District Council,E07000030,http://www.eden.gov.uk/democracy/elections/eu-referendum-2016/,http://www.southlakeland.gov.uk/EasySiteWeb/GatewayLink.aspx?alId=53694,,http://www.eden.gov.uk/democracy/elections/location-of-polling-stations/,
South Lakeland District Council,E07000031,http://www.southlakeland.gov.uk/elections-and-voting/elections/elections-2016/,http://www.southlakeland.gov.uk/EasySiteWeb/GatewayLink.aspx?alId=53665,,,
Amber Valley Borough Council,E07000032,"http://www.ambervalley.gov.uk/council-and-democracy/councillors,-democracy-and-elections/elections/referendum-23-june-2016.aspx",http://info.ambervalley.gov.uk/docarc/docviewer.aspx?docguid=093fdb7ee03e4102b83015d0db3f1fb2,,"http://www.ambervalley.gov.uk/council-and-democracy/councillors,-democracy-and-elections/elections/elections-05-may-2016/polling-station-finder.aspx",
Bolsover District Council,E07000033,http://www.bolsover.gov.uk/index.php/your-council/voting-and-elections,http://www.bolsover.gov.uk/images/S/Situation_of_Polling_Station_Notice.pdf,,,
Chesterfield Borough Council,E07000034,http://www.chesterfield.gov.uk/your-council/elections-and-voting/elections/european-union-referendum-june-2016.aspx,http://www.chesterfield.gov.uk/media/227078/pcc-situation-of-polling-station-notice-may-2016.pdf,,,
Derbyshire Dales District Council,E07000035,http://www.derbyshiredales.gov.uk/your-council/elections/2016-elections-referendum/eu-referendum,http://www.derbyshiredales.gov.uk/images/documents/N/Notice_of_Situation_of_Polling_Places_-_PCC_election.pdf,,,
Erewash Borough Council,E07000036,http://www.erewash.gov.uk/your-council/elections/current-elections/eu-referendum.html,http://www.erewash.gov.uk/media/files/Council%20and%20democracy/Electoral%20Services/Notice_of_Polling_Stations.pdf,,,
High Peak Borough Council,E07000037,http://www.highpeak.gov.uk/hp/your-council/voting-and-elections/eu-referendum,http://www.highpeak.gov.uk/sites/default/files/documents/pages/Situation%20of%20Polling%20Station%20Notice_3.pdf,,,
North East Derbyshire District Council,E07000038,http://www.ne-derbyshire.gov.uk/council-democracy/councillors-democracy-elections/elections-and-voting/elections/eu-referendum-23-june-2016/,http://www.ne-derbyshire.gov.uk/EasysiteWeb/getresource.axd?AssetID=81617&type=full&servicetype=Attachment,,,
South Derbyshire District Council,E07000039,http://www.south-derbys.gov.uk/council_and_democracy/elections/referendum-23-june-2016/default.asp,http://www.south-derbys.gov.uk/Images/Situation%20of%20Polling%20Station%20Notice%20-%20PCC_tcm21-279769.docx,,,
East Devon District Council,E07000040,http://eastdevon.gov.uk/elections-and-registering-to-vote/elections/eu-referendum/#article-content,,,,
Exeter City Council,E07000041,https://exeter.gov.uk/council-and-democracy/,,,http://apps.exeter.gov.uk/dn2pollingstation/stationfinder.aspx,
Mid Devon District Council,E07000042,https://new.middevon.gov.uk/your-council/voting-elections/2016-elections/eu-referendum/,https://new.middevon.gov.uk/media/205800/situation-of-polling-station-notice.pdf,,,
North Devon Council,E07000043,http://www.northdevon.gov.uk/council/voting-and-elections/election-diary/,http://www.northdevon.gov.uk/media/377226/situation-of-polling-station-notice.pdf,,http://www.northdevon.gov.uk/council/voting-and-elections/find-your-nearest-poll-station/,
South Hams District Council,E07000044,http://www.southhams.gov.uk/article/11409/EU-Referendum,http://www.southhams.gov.uk/CHttpHandler.ashx?id=17528&p=0,,,
Teignbridge District Council,E07000045,https://www.teignbridge.gov.uk/article/8727/Elections,,,,
Torridge District Council,E07000046,http://www.torridge.gov.uk/article/15912/EU-Referendum-June-2016,,http://www.torridge.gov.uk/CHttpHandler.ashx?id=16733&p=0,,
West Devon Borough Council,E07000047,http://www.westdevon.gov.uk/article/11415/EU-Referendum,http://www.westdevon.gov.uk/CHttpHandler.ashx?id=17529&p=0,,,
Christchurch Borough Council,E07000048,https://www.dorsetforyou.com/article/412998/Christchurch-Borough-Council-elections-and-referendums,https://www.dorsetforyou.com/media/213523/20160426-Situation-of-Polling-Station-Notice---Christchurch/pdf/20160426_Situation_of_Polling_Station_Notice_-_Christchurch.pdf,,,
East Dorset District Council,E07000049,https://www.dorsetforyou.com/article/413000/East-Dorset-District-Council-elections-and-referendums,https://www.dorsetforyou.com/media/213524/20160426-Situation-of-Polling-Station-Notice---East-Dorset/pdf/20160426_Situation_of_Polling_Station_Notice_-_East_Dorset.pdf,,,
North Dorset District Council,E07000050,https://www.dorsetforyou.com/article/412747/North-Dorset-District-Council-elections-and-referendums,https://www.dorsetforyou.com/media/213532/Situation-of-Polling-Station-Notice/pdf/Situation_of_Polling_Station_Notice.pdf,,,
Purbeck District Council,E07000051,https://www.dorsetforyou.com/elections/purbeck,https://www.dorsetforyou.com/media/213522/PCC-Situation-of-Polling-Station-Notice/pdf/PCC_Situation_of_Polling_Station_Notice.pdf,,,
West Dorset District Council,E07000052,https://www.dorsetforyou.com/article/418446/West-Dorset-District-Council-elections-and-referendums,https://www.dorsetforyou.com/media/213513/Police-and-Crime-Commissioner-Situation-of-polling-Station-Notice-West-Dorset/pdf/SOPS_20160505_WDDCPCC.pdf,,,
Weymouth and Portland Borough Council,E07000053,https://www.dorsetforyou.com/article/412995/Weymouth--Portland-Borough-Council-elections-and-referendums,https://www.dorsetforyou.com/media/213514/Police-and-Crime-Commissioner-Situation-of-polling-Station-Notice-Weymouth/pdf/SOPS_20160505_WPBCPCC.pdf,,,
Eastbourne Borough Council,E07000061,http://www.eastbourne.gov.uk/about-the-council/elections-voting/who-can-i-vote-for/,http://www.eastbourne.gov.uk/EasysiteWeb/getresource.axd?AssetID=247590&type=full&servicetype=Inline,,http://www.eastbourne.gov.uk/about-the-council/elections-voting/where-to-vote/,
Hastings Borough Council,E07000062,http://www.hastings.gov.uk/decisions_democracy/elections_voting/current_elections/,,,,
Lewes District Council,E07000063,http://www.lewes.gov.uk/council/450.asp,,,,
Rother District Council,E07000064,http://www.rother.gov.uk/article/11865/EU-Referendum,,,,
Wealden District Council,E07000065,http://www.wealden.gov.uk/Wealden/Council/Voting_and_Elections/Democracy_Forthcoming_Elections.aspx,http://www.wealden.gov.uk/nmsruntime/saveasdialog.aspx?lID=19667&sID=610,,,
Basildon Borough Council,E07000066,http://www.basildon.gov.uk/article/3597/Referendum-on-the-UKs-membership-of-the-European-Union,http://www.basildon.gov.uk/CHttpHandler.ashx?id=5976&p=0,,http://www3.basildon.gov.uk/website2/postcodes.nsf/frmMyBasildon?openform&PC=Enter%20Postcode....,
Braintree District Council,E07000067,https://www.braintree.gov.uk/info/200133/council_and_democracy/853/statutory_notices_referendum,http://www.braintree.gov.uk/download/downloads/id/5584/situation_of_polling_station_notice.pdf,https://www.braintree.gov.uk/download/downloads/id/5688/situation_of_polling_stations.pdf,http://maps.braintree.gov.uk/LocalViewWeb/Sites/mylocation/,
Brentwood Borough Council,E07000068,http://www.brentwood.gov.uk/index.php?cid=2738,http://www.brentwood.gov.uk/pdf/04052016090820u.pdf,,http://myproperty.brentwood.gov.uk/LocationReport/Workflow.aspx?Configuration=LocationReportTabs&InitialSearchString=,
Castle Point Borough Council,E07000069,https://www.castlepoint.gov.uk/notice-of-referendum,https://www.castlepoint.gov.uk/polling-stations,,,
Chelmsford City Council,E07000070,http://www.chelmsford.gov.uk/upcoming-elections,http://www.chelmsford.gov.uk/sites/chelmsford.gov.uk/files/files/files/documents/files/PCC%20notices.pdf,,,
Colchester Borough Council,E07000071,http://www.colchester.gov.uk/article/18039/European-Union-EU-Referendum,http://www.colchester.gov.uk/CHttpHandler.ashx?id=21135&p=0,,,
Epping Forest District Council,E07000072,http://www.eppingforestdc.gov.uk/index.php/your-council/elections-and-voting/eu-referendum-23-june,,,http://www.eppingforestdc.gov.uk/index.php/your-council/elections-and-voting/polling-station-finder,
Harlow District Council,E07000073,http://www.harlow.gov.uk/election-voting-news,http://www.harlow.gov.uk/elections-harlow-polling,,,
Maldon District Council,E07000074,http://www.maldon.gov.uk/info/362/elections-voting/471/european_referendum_eu_23_june_2016,,,,
Rochford District Council,E07000075,http://www.rochford.gov.uk/council_and_democracy/elections/eu-referendum,,,,
Tendring District Council,E07000076,http://www.tendringdc.gov.uk/council/elections-voting/european-union-eu-referendum,http://www.tendringdc.gov.uk/sites/default/files/documents/council/elections%20%26%20voting/casual%20vacancies%20and%20by-elections/Situation%20of%20Polling%20Station%20Notice.pdf,,http://www.tendringdc.gov.uk/council/elections-voting/how-and-where-vote,
Uttlesford District Council,E07000077,http://www.uttlesford.gov.uk/eureferendum,http://www.uttlesford.gov.uk/CHttpHandler.ashx?id=5770&p=0,,,
Cheltenham Borough Council,E07000078,http://www.cheltenham.gov.uk/info/362/elections/1171/upcoming_elections_and_referendums,http://www.cheltenham.gov.uk/download/downloads/id/4992/situation_of_poll,,http://maps.glosdistricts.org/map/Aurora.svc/run?script=%5cAurora%5cCBC-FindNearest.AuroraScript%24&resize=always&workflow_id=FindNearestPolling,
Cotswold District Council,E07000079,http://www.cotswold.gov.uk/about-the-council/elections/current-future-elections/,,,,
Forest of Dean District Council,E07000080,http://www.fdean.gov.uk/nqcontent.cfm?a_id=7980,http://www.fdean.gov.uk/media/Assets/ElectoralReg/documents/PCC%202016/Situation_of_polling_stations.pdf,,,
Gloucester City Council,E07000081,http://www.gloucester.gov.uk/council/voting-and-elections/Pages/Elections-2016.aspx,http://www.gloucester.gov.uk/council/Documents/Voting%20and%20Elections/Notice%20of%20Poll%20and%20situation%20of%20polling%20stations%20Gloucester%20City%20Council.pdf,,,
Stroud District Council,E07000082,http://www.stroud.gov.uk/council/elections/eu-referendum-thursday-23-june,http://www.stroud.gov.uk/media/2407/situation-of-polling-station-notice-pcc.pdf,,http://www.stroud.gov.uk/council/elections/elections-on-the-5th-of-may/polling-stations,
Tewkesbury Borough Council,E07000083,http://tewkesbury.gov.uk/index.aspx?articleid=4142,http://www.tewkesbury.gov.uk/CHttpHandler.ashx?id=5990&p=0,,,
Basingstoke and Deane Borough Council,E07000084,http://www.basingstoke.gov.uk/european-referendum-2016,,,,
East Hampshire District Council,E07000085,http://www.easthants.gov.uk/eu-referendum,http://www.easthants.gov.uk/sites/default/files/documents/PCC%20Notice%20of%20POll.pdf,,,
Eastleigh Borough Council,E07000086,https://www.eastleigh.gov.uk/the-council/elections-register-to-vote/notice-of-referendum-2016.aspx,https://www.eastleigh.gov.uk/media/212660/Notice-of-Situation-of-Polling-Station-for-PCC.docx,,,
Fareham Borough Council,E07000087,http://www.fareham.gov.uk/about_the_council/elections/thenextelection.aspx,,,,
Gosport Borough Council,E07000088,http://www.gosport.gov.uk/sections/your-council/council-services/electoral-services/2016-elections/,,,,
Hart District Council,E07000089,http://www.hart.gov.uk/Elections,http://www.hart.gov.uk/sites/default/files/1_Residents/Elections/Situation%20of%20Polling%20Station%20Notice%20Combined.pdf,,,
Havant Borough Council,E07000090,http://www.havant.gov.uk/council-and-government/elections-and-electoral-registration,,,,
New Forest District Council,E07000091,http://www.newforest.gov.uk/article/16926/European-Union-Referendum-2016,,,,
Rushmoor Borough Council,E07000092,http://www.rushmoor.gov.uk/article/9210/EU-Referendum,,,,
Test Valley Borough Council,E07000093,http://www.testvalley.gov.uk/aboutyourcouncil/localdemocracy/elections/european-union-referendum-2016/,http://www.testvalley.gov.uk/assets/files/10426/NoP-SitofPS.pdf,,,
Winchester City Council,E07000094,http://www.winchester.gov.uk/elections/european-union-referendum-2016/,,,,
Broxbourne Borough Council,E07000095,https://www.broxbourne.gov.uk/council-elections-and-voting/elections-and-registering-vote,https://www.broxbourne.gov.uk/sites/default/files/documents/Member_services/MS-2016-04-29-Election-Situation-of-polling-stations.pdf,,,
Dacorum Borough Council,E07000096,http://www.dacorum.gov.uk/home/council-democracy/elections-and-voting/elections-2016,http://www.dacorum.gov.uk/docs/default-source/council-democracy/notice-of-situation-of-polling-stations50e44a4551156b7f9bc7ff00000246a4.pdf?sfvrsn=2,,,
Hertsmere Borough Council,E07000098,https://www.hertsmere.gov.uk/Your-Council/Democracy--Elections/EU-referendum.aspx,,,,
North Hertfordshire District Council,E07000099,http://www.north-herts.gov.uk/home/elections-and-voting/eu-referendum,http://www.north-herts.gov.uk/sites/northherts-cms/files/Situation%20of%20Polling%20Station%20Notice.pdf,,http://web.north-herts.gov.uk/WardsLookup/default.aspx,
Three Rivers District Council,E07000102,http://www.threerivers.gov.uk/egcl-page/elections,,,,
Watford Borough Council,E07000103,https://www.watford.gov.uk/info/20248/elections_and_voting/550/2016_elections,https://www.watford.gov.uk/download/downloads/id/925/2016_-_notice_of_polling_stations.pdf,,,
Ashford Borough Council,E07000105,http://www.ashford.gov.uk/eu-referendum,http://www.kentparo.org.uk/PDF/Ashford.pdf,,,
Canterbury City Council,E07000106,https://www.canterbury.gov.uk/your-council/voting-elections/forthcoming-elections/,http://www.kentparo.org.uk/PDF/Canterbury.pdf,,http://maps.canterbury.gov.uk/LocalViewCCC/Sites/localinformation/,
Dartford Borough Council,E07000107,"http://www.dartford.gov.uk/by-category/council-and-democracy2/councillors,-democracy-and-elections",http://www.kentparo.org.uk/PDF/Dartford.pdf,,,
Dover District Council,E07000108,http://www.dover.gov.uk/Council--Democracy/Elections/Future-Elections.aspx,http://www.kentparo.org.uk/PDF/Dover.pdf,,,
Gravesham Borough Council,E07000109,http://www.gravesham.gov.uk/services/council-and-democracy/voting-and-elections/eu-referendum,http://www.kentparo.org.uk/PDF/Gravesham.pdf,,,
Maidstone Borough Council,E07000110,http://www.maidstone.gov.uk/residents/voting-and-elections/elections,http://www.kentparo.org.uk/PDF/Maidstone.pdf,,,
Sevenoaks District Council,E07000111,http://www.sevenoaks.gov.uk/services/council-and-democracy/elections-and-voting/current-elections,http://www.kentparo.org.uk/PDF/Sevenoaks.pdf,,,
Shepway District Council,E07000112,http://www.shepway.gov.uk/eu-referendum,http://www.kentparo.org.uk/PDF/Shepway.pdf,,,
Swale Borough Council,E07000113,http://www.swale.gov.uk/elections/,http://www.kentparo.org.uk/PDF/Swale.pdf,,https://selfserve.swale.gov.uk/doitonline/ServicePage.aspx?servicePath=&JScript=1,
Thanet District Council,E07000114,https://www.thanet.gov.uk/your-services/elections-and-voting/forthcoming-elections/eu-referendum/,http://www.kentparo.org.uk/PDF/Thanet.pdf,,,
Tonbridge and Malling Borough Council,E07000115,"http://www.tmbc.gov.uk/services/council-and-democracy/councillors,-democracy-and-elections/current-elections",http://www.kentparo.org.uk/PDF/TonbridgeandMalling.pdf,,"http://www.tmbc.gov.uk/services/council-and-democracy/councillors,-democracy-and-elections/parish-and-town-councils/localview/Polling-Stations-and-Polling-Districts",
Tunbridge Wells Borough Council,E07000116,http://www.tunbridgewells.gov.uk/council/voting-and-elections/european-union-referendum,http://www.kentparo.org.uk/PDF/TunbridgeWells.pdf,,http://www.tunbridgewells.gov.uk/council/voting-and-elections/polling-stations,
Burnley Borough Council,E07000117,http://www.burnley.gov.uk/about-council/elections/elections-2016,http://www.burnley.gov.uk/sites/default/files/PCC%20Situation%20of%20Polling%20Stations.pdf,,,
Chorley Borough Council,E07000118,http://chorley.gov.uk/Pages/AtoZ/Elections%20and%20Electoral%20Registration.aspx,http://chorley.gov.uk/Documents/Democratic%20Services/Elections/situation%20of%20polling%20station_pcc.pdf,,,
Fylde Borough Council,E07000119,http://www.fylde.gov.uk/council/elections-and-electoral-registration/elections/eureferendum/,,,,
Hyndburn Borough Council,E07000120,http://www.hyndburnbc.gov.uk/site/scripts/documents_info.php?documentID=688,http://www.hyndburnbc.gov.uk/downloads/PCC_Situation_of_Polling_Stations_doc.pdf,,,
Lancaster City Council,E07000121,http://www.lancaster.gov.uk/the-council-and-democracy/voting-and-elections/eu-referendum,,,http://www.lancaster.gov.uk/the-council-and-democracy/voting-and-elections/ward-maps,
Pendle Borough Council,E07000122,http://www.pendle.gov.uk/info/20084/elections,http://www.pendle.gov.uk/download/downloads/id/8848/notice_of_poll_-_borough_councillors.pdf,,http://www.pendle.gov.uk/directory/10/a_to_z,
Preston City Council,E07000123,http://www.preston.gov.uk/thecouncil/elections-and-voting/eu-referendum/,,,,
Ribble Valley Borough Council,E07000124,https://www.ribblevalley.gov.uk/info/200392/elections_and_voting,,,https://www.ribblevalley.gov.uk/info/200392/elections_and_voting/1390/polling_stations_in_the_ribble_valley,
Rossendale Borough Council,E07000125,http://www.rossendale.gov.uk/info/200131/elections/510/eu_referendum_23_june_2016,,,,
South Ribble Borough Council,E07000126,http://www.southribble.gov.uk/content/scheduled-elections,http://www.southribble.gov.uk/sites/default/files/PCC%20Situation%20of%20Polling%20stations.pdf,,,
West Lancashire Borough Council,E07000127,http://www.westlancs.gov.uk/about-the-council/elections-and-voting/official-election-and-referendum-notices.aspx,http://www.westlancs.gov.uk/media/426926/situation-of-polling-station-notice-pcc-2016.pdf,,,
Wyre Borough Council,E07000128,http://www.wyre.gov.uk/info/200337/elections/1021/eu_referendum,http://www.wyre.gov.uk/download/downloads/id/3395/notice_of_poll_and_situation_of_polling_stations.pdf,,,
Blaby District Council,E07000129,http://www.blaby.gov.uk/about-the-council/voting-elections/eu-referendum/,http://www.nwleics.gov.uk/files/documents/police_and_crime_commissioner_elections_2016_situation_of_polling_stations_notice/Situation%20of%20Polling%20Station%20Notice.docx,,,
Charnwood Borough Council,E07000130,http://www.charnwood.gov.uk/pages/2016_eu_referendum,http://www.charnwood.gov.uk/files/documents/polling_stations_pcc_elections_2016/Situation%20of%20Polling%20Station%20Notice.pdf,,,
Harborough District Council,E07000131,http://www.harborough.gov.uk/info/20019/voting_and_elections/186/eu_referendum,,,,
Hinckley and Bosworth Borough Council,E07000132,http://www.hinckley-bosworth.gov.uk/info/200173/current_elections/1247/eu_referendum,,,http://www.hinckley-bosworth.gov.uk/myarea#?layer=polling,
Melton Borough Council,E07000133,http://www.melton.gov.uk/homepage/123/current_elections,http://www.melton.gov.uk/download/downloads/id/2991/situation_of_polling_station_notice.pdf,,,
North West Leicestershire District Council,E07000134,http://www.nwleics.gov.uk/pages/elections_electoral_nominations,http://www.nwleics.gov.uk/files/documents/police_and_crime_commissioner_elections_2016_situation_of_polling_stations_notice/Situation%20of%20Polling%20Station%20Notice.docx,,,
Oadby and Wigston Borough Council,E07000135,http://www.oadby-wigston.gov.uk/pages/eu_referendum,http://www.oadby-wigston.gov.uk/files/documents/situation_of_polling_station_notice/Situation%20of%20Polling%20Station%20Notice1.pdf,,,
Boston Borough Council,E07000136,http://www.boston.gov.uk/index.aspx?articleid=3630,,,,
East Lindsey District Council,E07000137,http://www.e-lindsey.gov.uk/article/4273/EU-Referendum,,,,
Lincoln City Council,E07000138,https://www.lincoln.gov.uk/your-council/elections-and-electoral-registration/,,,https://forms.lincoln.gov.uk/popup.aspx/RenderForm/?F.Name=HM9upESVxZn,
North Kesteven District Council,E07000139,https://www.n-kesteven.gov.uk/your-council/electoral-registration-and-elections/forthcoming-election-dates/eu-referendum-thursday-23-june/,https://www.n-kesteven.gov.uk/_resources/assets/attachment/full/0/14590.pdf,,,
South Holland District Council,E07000140,http://www.sholland.gov.uk/article/3915/Elections,http://www.sholland.gov.uk/CHttpHandler.ashx?id=4277&p=0,,,
South Kesteven District Council,E07000141,http://www.southkesteven.gov.uk/index.aspx?articleid=10248,,,,
West Lindsey District Council,E07000142,https://www.west-lindsey.gov.uk/my-council/electoral-registration-and-elections/,https://www.west-lindsey.gov.uk/_resources/assets/attachment/full/0/14057.pdf,,,
Breckland District Council,E07000143,http://www.breckland.gov.uk/article/2127/Elections-2016,http://www.breckland.gov.uk/media/2073/Notice-of-Polling-and-Situation-of-Polling-Stations/pdf/Notice_of_Poll_and_Situation_of_Polling_Stations,,http://polling.breckland.gov.uk/,
Broadland District Council,E07000144,http://www.broadland.gov.uk/council_and_democracy/3225.asp,,,,
Great Yarmouth Borough Council,E07000145,http://www.great-yarmouth.gov.uk/electionsandvoting,http://www.great-yarmouth.gov.uk/CHttpHandler.ashx?id=1732&p=0,,,
King's Lynn and West Norfolk Borough Council,E07000146,http://www.west-norfolk.gov.uk/default.aspx?page=26184,http://www.west-norfolk.gov.uk/pdf/Situation%20of%20Polling%20Station%20Notice%20PCC.pdf,,http://www.west-norfolk.gov.uk/pdf/Situation%20of%20Polling%20Station%20Notice%20PCC.pdf,
North Norfolk District Council,E07000147,https://www.northnorfolk.org/council/13848.asp,https://www.northnorfolk.org/files/Polling_Station_List.pdf,,,
Norwich City Council,E07000148,https://www.norwich.gov.uk/info/20271/eu_referendum,http://www.norwich.gov.uk/download/downloads/id/2935/list_of_public_buildings_for_use_at_an_election.pdf,,,
South Norfolk District Council,E07000149,http://www.south-norfolk.gov.uk/democracy/7773.asp,http://www.south-norfolk.gov.uk/democracy/media/Situation_of_Polling_Station_Notice.pdf,,http://www.south-norfolk.gov.uk/democracy/686.asp,
Corby Borough Council,E07000150,http://www.corby.gov.uk/home/council/council-democracy/elections-and-electoral-registration/eu-referendum-23-june-2016,,,,
Daventry District Council,E07000151,https://www.daventrydc.gov.uk/your-council/council-and-democracy/elections/eu-referendum/,,,https://mapping.daventrydc.gov.uk/,
East Northamptonshire District Council,E07000152,http://www.east-northamptonshire.gov.uk/info/200202/elections_and_voting/1691/elections/5,http://www.east-northamptonshire.gov.uk/download/downloads/id/9220/situation_of_polling_stations_notice_northamptonshire_police_and_crime_commissioner.pdf,,http://www.east-northamptonshire.gov.uk/info/200202/elections_and_voting/1738/find_your_polling_station,
Kettering Borough Council,E07000153,http://www.kettering.gov.uk/electoralservices/info/17/elections,,,,
Northampton Borough Council,E07000154,http://www.northampton.gov.uk/elections,http://www.northampton.gov.uk/download/downloads/id/8947/pcc-situation-of-polling-stations.docx,,,
South Northamptonshire District Council,E07000155,http://www.southnorthants.gov.uk/currentelections.htm,,,https://webforms.ictmanagedservices.com/default.aspx/RenderForm/?F.Name=jD5ShVXjCX7&HideToolbar=1,
Wellingborough Borough Council,E07000156,http://www.wellingborough.gov.uk/info/364/elections_and_voting/1323/eu_referendum_2016,http://www.wellingborough.gov.uk/download/downloads/id/7076/situation_of_polling_stations,,http://www.wellingborough.gov.uk/directory/9/polling_districts_places_and_stations,
Craven District Council,E07000163,http://www.cravendc.gov.uk/eureferendum,,,,
Hambleton District Council,E07000164,http://hambleton.gov.uk/info/20069/elections_and_registration/274/elections/6,,,,
Harrogate Borough Council,E07000165,http://www.harrogate.gov.uk/elec/Pages/EU-Referendum.aspx,http://www.harrogate.gov.uk/elec/Documents/2016-situation-of-Polling-Station-Notice-PCC.pdf,,,
Richmondshire District Council,E07000166,http://www.richmondshire.gov.uk/council-democracy/elections/election-timetable-and-notices,http://www.richmondshire.gov.uk/council-democracy/elections/divisions-wards-polling-district-and-polling-stations,,,
Ryedale District Council,E07000167,http://www.ryedale.gov.uk/services/about-council/elections-voting/1836-eu-referendum.html,http://www.ryedale.gov.uk/attachments/article/1796/Situation%20of%20Polling%20Stations.pdf,,,
Scarborough Borough Council,E07000168,http://www.scarborough.gov.uk/home/council/elections-and-voting/eu-referendum,http://www.scarborough.gov.uk/sites/default/files/files/PCC%20Situation%20of%20PS.pdf,http://www.scarborough.gov.uk/sites/default/files/files/Polling%20Stations%20in%20Use%2020160512.pdf,,
Selby District Council,E07000169,http://www.selby.gov.uk/eu-referendum,http://www.selby.gov.uk/sites/default/files/Documents/Situation_of_Polling_Station_Notice_0_1.pdf,,,
Ashfield District Council,E07000170,"http://www.ashfield-dc.gov.uk/residents/democracy,-elections-and-legal/elections-and-electoral-registration/eu-referendum.aspx",,,http://www.ashfield-dc.gov.uk/streetlevel/address-search.php,
Bassetlaw District Council,E07000171,http://www.bassetlaw.gov.uk/everything-else/elections/elections-2016/eu-referendum.aspx,http://www.bassetlaw.gov.uk/media/557950/situation-of-polling-station-notice.pdf,,,
Broxtowe Borough Council,E07000172,http://www.broxtowe.gov.uk/index.aspx?articleid=15396,,,,
Gedling Borough Council,E07000173,http://www.gedling.gov.uk/councillorsmeetings/elections/elections2016/,,,https://apps.gedling.gov.uk/register/pollingsearch.aspx,
Mansfield District Council,E07000174,http://www.mansfield.gov.uk/article/5888/Referendum#2016 European Union Referendum,http://www.mansfield.gov.uk/CHttpHandler.ashx?id=8568&p=0,,,
Newark and Sherwood District Council,E07000175,http://www.newark-sherwooddc.gov.uk/vote/electionslatestnews/eureferendum23june2016/,,,,
Rushcliffe Borough Council,E07000176,http://www.rushcliffe.gov.uk/elections/elections2016/eureferendum/,http://www.rushcliffe.gov.uk/media/rushcliffe/media/documents/pdf/councilanddemocracy/elections/Situation%20of%20Polling%20Station%20Notice.pdf,,,
Cherwell District Council,E07000177,http://www.cherwell.gov.uk/index.cfm?articleid=11370,http://www.cherwell.gov.uk/media/pdf/e/s/CDCPCC_Situation_of_Polling_Station_Notice.pdf,,http://your.cherwell.gov.uk/LocalView/Sites/localview/,
Oxford City Council,E07000178,https://www.oxford.gov.uk/info/20046/elections_and_voting/980/elections_in_2016,,,https://www.oxford.gov.uk/homepage/2/polling_stations_search,Yes.
South Oxfordshire District Council,E07000179,http://www.southoxon.gov.uk/services-and-advice/local-democracy/elections/european-union-referendum,,,,
Vale of White Horse District Council,E07000180,http://www.whitehorsedc.gov.uk/services-and-advice/local-democracy/elections/european-union-referendum,,,,
West Oxfordshire District Council,E07000181,http://www.westoxon.gov.uk/about-the-council/elections-voting/future-elections/,,,,
Mendip District Council,E07000187,http://www.mendip.gov.uk/eureferendum,http://www.mendip.gov.uk/CHttpHandler.ashx?id=12689&p=0,,,
Sedgemoor District Council,E07000188,http://www.sedgemoor.gov.uk/10879,http://www.avonpccelection2016.org.uk/sites/default/files/PCC_2016_Situation%20of%20Polling%20Stations_Sedgemoor.pdf,,,
South Somerset District Council,E07000189,http://www.southsomerset.gov.uk/elections-and-voting/eu-referendum/,http://www.avonpccelection2016.org.uk/sites/default/files/PCC_2016_Situation%20of%20Polling%20Stations_South-Somerset.pdf,,,
Taunton Deane Borough Council,E07000190,http://www.tauntondeane.gov.uk/irj/public/services/directory/service?rid=/guid/00a9d571-e6bf-2c10-01ad-8ba38988e237,http://www.avonpccelection2016.org.uk/sites/default/files/PCC_2016_Situation%20of%20Polling%20Stations_Taunton%20Deane.pdf,,,
West Somerset District Council,E07000191,http://www.westsomersetonline.gov.uk/Council---Democracy/Elections---Voting/EU-Referendum,http://www.westsomersetonline.gov.uk/getattachment/Council---Democracy/Elections---Voting/Police-and-Crime-Commissioner-Elections/Situation-of-Polling-Stations-West-Somerset.pdf.aspx,,,
Cannock Chase District Council,E07000192,http://www.cannockchasedc.gov.uk/council/elections-voting/eu-referendum,http://www.cannockchasedc.gov.uk/sites/default/files/situation_of_polling_station_notice_for_pcc.pdf,,,
East Staffordshire Borough Council,E07000193,http://www.eaststaffsbc.gov.uk/elections/upcoming-elections,http://www.eaststaffsbc.gov.uk/sites/default/files/docs/elections/Situation-of-Polling-Station-Notice-PCC.pdf,,http://www.eaststaffsbc.gov.uk/elections/polling-stations,
Lichfield District Council,E07000194,https://www.lichfielddc.gov.uk/Council/Voting-elections/EU-Referendum-2016.aspx,https://www.lichfielddc.gov.uk/Council/Voting-elections/Downloads/PCC-election-2016/Situation-of-Polling-Station-Notice.docx,,,
Newcastle-under-Lyme Borough Council,E07000195,https://www.newcastle-staffs.gov.uk/all-services/your-council/elections-and-electoral-registration/elections-2016,https://www.newcastle-staffs.gov.uk/sites/default/files/IMCE/YourCouncil/Elections/SituationOfPollingStations.pdf,,,
South Staffordshire District Council,E07000196,http://www.sstaffs.gov.uk/your_services/electoral_services/upcoming_elections_and_news.aspx,http://www.sstaffs.gov.uk/pdf/Situation%20of%20polling%20stations%20PCC.pdf,http://www.sstaffs.gov.uk/your_services/electoral_services/polling_stations.aspx ???,http://www.sstaffs.gov.uk/your_services/electoral_services/polling_stations.aspx,
Stafford Borough Council,E07000197,http://www.staffordbc.gov.uk/eu-referendum-2016,,http://www.staffordbc.gov.uk/live/Documents/Elections/EU%20Referendum%202016/2016-EU-Referendum---List-of-Polling-Stations.pdf,,
Staffordshire Moorlands District Council,E07000198,http://www.staffsmoorlands.gov.uk/sm/your-council/voting-and-elections/eu-referendum,http://www.staffsmoorlands.gov.uk/sites/default/files/documents/pages/Situation%20of%20Polling%20Station%20Notice_4.pdf,,,
Tamworth Borough Council,E07000199,http://www.tamworth.gov.uk/elections-2016,http://www.tamworth.gov.uk/sites/default/files/councillors_docs/Polling-Stations-by-Ward-2016.pdf,,,
Babergh District Council,E07000200,http://www.babergh.gov.uk/council-business/elections-and-voting/,http://www.babergh.gov.uk/assets/Uploads-BDC/Organisation/Democratic-Services/Council-and-Democracy/Electoral-Services/BDCSituation-of-Polling-Station-Notice.pdf,,,
Forest Heath District Council,E07000201,http://www.forest-heath.gov.uk/Council/Voting_and_Elections/current-elections-and-vacancies.cfm,http://www.stedmundsbury.gov.uk/Council/Voting_and_Elections/upload/Situation-of-Polling-Station-Notice-PCC-FHDC.pdf,,,
Ipswich Borough Council,E07000202,https://www.ipswich.gov.uk/content/referendum-2016,,,http://app.ipswich.gov.uk/polling-station/,
Mid Suffolk District Council,E07000203,http://www.midsuffolk.gov.uk/council-business/elections-and-voting/electoral-information/referendums/,http://www.midsuffolk.gov.uk/assets/UploadsMSDC/Organisation/Democratic-Services/Council-and-Democracy/Electoral-Services/Situation-of-Polling-Station-Notice-Mid-Suffolk.pdf,,,
St Edmundsbury Borough Council,E07000204,http://www.stedmundsbury.gov.uk/Council/Voting_and_Elections/current-elections-and-vacancies.cfm,http://www.stedmundsbury.gov.uk/Council/Voting_and_Elections/upload/Situation-of-Polling-Station-Notice-PCC-SEBC.pdf,,,
Suffolk Coastal District Council,E07000205,http://www.suffolkcoastal.gov.uk/yourdistrict/elections/,http://www.suffolkcoastal.gov.uk/assets/Documents/District/Elections/Notices/Notice-of-Situation-of-Polling-stations-Suffolk-Coastal.pdf,,,
Waveney District Council,E07000206,http://www.waveney.gov.uk/site/scripts/documents_info.php?documentID=964&categoryID=200033&pageNumber=4,,,,
Elmbridge Borough Council,E07000207,http://www.elmbridge.gov.uk/council/elections/euref.htm,,,http://www.elmbridge.gov.uk/council/elections/pollingst.htm,
Epsom and Ewell Borough Council,E07000208,http://www.epsom-ewell.gov.uk/EEBC/Council/Elections/EU+Referendum+-+23+June+2016.htm,,,http://myeebc.epsom-ewell.gov.uk/myeebc.aspx?tab=house,
Guildford Borough Council,E07000209,http://www.guildford.gov.uk/eureferendum,http://www.guildford.gov.uk/media/20984/Situation-of-Polling-Stations---Police-and-Crime-Commissioner/pdf/PCC_Situation_of_Polling_stations.pdf,,http://www.guildford.gov.uk/mapsofpollingplaces,
Mole Valley District Council,E07000210,http://www.molevalley.gov.uk/index.cfm?articleid=18823,http://www.molevalley.gov.uk/media/pdf/b/6/Situation_of_Polling_Station_Notice_-_PCC_and_District_Elections.pdf,,http://www.molevalley.gov.uk/index.cfm?articleid=20974,
Reigate and Banstead Borough Council,E07000211,http://www.reigate-banstead.gov.uk/info/20318/voting_and_elections/746/european_referendum,http://www.reigate-banstead.gov.uk/download/downloads/id/2496/situation_of_polling_station_noticepdf.pdf,,,
Runnymede Borough Council,E07000212,https://www.runnymede.gov.uk/article/11660/EU-Referendum,,,,
Spelthorne Borough Council,E07000213,https://www.spelthorne.gov.uk/article/11658/Elections---European-Referendum,,,http://my.spelthorne.gov.uk/,
Surrey Heath Borough Council,E07000214,http://www.surreyheath.gov.uk/council/elections-voting/european-union-referendum,http://www.surreyheath.gov.uk/sites/default/files/documents/council/Elections/SituationPollingStationNotice.pdf,,http://isharemaps.surreyheath.gov.uk/ishare54/Surreyheath.aspx,
Tandridge District Council,E07000215,http://www.tandridge.gov.uk/YourCouncil/Elections/elections/EUref.htm,http://www.tandridge.gov.uk/Tandridge%20District%20Council/Elections/SituationofPollingStationsPCC.pdf,,,
Waverley Borough Council,E07000216,http://www.waverley.gov.uk/info/200138/elections/1832/european_union_referendum,http://www.waverley.gov.uk/download/downloads/id/5113/situation_of_polling_stations_notice.pdf,,,
Woking Borough Council,E07000217,http://www.woking.gov.uk/council/election/forthcomingelections#eu_referendum,http://www.woking.gov.uk/council/election/forthcomingelections/locationpcc.pdf,,,
North Warwickshire Borough Council,E07000218,https://www.northwarks.gov.uk/info/20114/elections_and_voting/1318/eu_referendum_23_june_2016,https://www.northwarks.gov.uk/download/downloads/id/6196/situation_of_polling_stations_-_thursday_5th_may_2016.pdf,,,
Nuneaton and Bedworth Borough Council,E07000219,https://www.nuneatonandbedworth.gov.uk/info/20059/elections_and_voting/294/eu_referendum_23_june_2016,http://www.warwickshire-pcc.co.uk/wp-content/uploads/2012/09/Situation-of-Polling-Station-Notice-Nuneaton-Bedworth.pdf,,https://www.nuneatonandbedworth.gov.uk/directory/16/find_my_polling_station,
Rugby Borough Council,E07000220,https://www.rugby.gov.uk/info/20026/elections_and_voting,https://www.rugby.gov.uk/download/downloads/id/1054/situation_of_polling_stations.pdf,,,
Stratford-on-Avon District Council,E07000221,https://www.stratford.gov.uk/council/current-elections.cfm,https://www.stratford.gov.uk/files/seealsodocs/171725/PCC%202016%20Situation%20of%20Polling%20Station%20Notice%20-%20Stratford.pdf,,,
Warwick District Council,E07000222,http://www.warwickdc.gov.uk/info/20596/elections/1071/elections_2016,http://www.warwickshire-pcc.co.uk/wp-content/uploads/2012/09/Situation-of-Polling-Station-Notice-Warwick.pdf,,http://estates5.warwickdc.gov.uk/PropertyPortal/Property/Search,
Adur District Council,E07000223,http://adur-worthing.gov.uk/elections-and-voting/upcoming-elections/eu-referendum-23-06-2016/,"http://www.adur-worthing.gov.uk/media/media,100300,en.pdf",,http://www.adur-worthing.gov.uk/maps/general-map/?show_layers=Electoral,
Arun District Council,E07000224,http://www.arun.gov.uk/uk-referendums,,,,
Chichester District Council,E07000225,http://www.chichester.gov.uk/article/27288/European-Referendum-2016,http://www.chichester.gov.uk/CHttpHandler.ashx?id=26258&p=0,http://www.chichester.gov.uk/pollingstations ???,,
Crawley Borough Council,E07000226,http://www.crawley.gov.uk/pw/Council_Services_and_Democracy/Elections/index.htm,,,,
Horsham District Council,E07000227,https://www.horsham.gov.uk/electionspages/elections/forthcoming-elections,,https://www.horsham.gov.uk/electionspages/elections/polling-stations ???,https://www.horsham.gov.uk/electionspages/elections/polling-stations,
Mid Sussex District Council,E07000228,http://www.midsussex.gov.uk/elections/eu-referendum-23-june-2016/,,http://www.midsussex.gov.uk/media/76768/polling-stations-website-23-june-2016.pdf,,
Worthing Borough Council,E07000229,http://www.adur-worthing.gov.uk/elections-and-voting/upcoming-elections/eu-referendum-23-06-2016/,"http://www.adur-worthing.gov.uk/media/media,104135,en.pdf",,http://www.adur-worthing.gov.uk/maps/general-map/?show_layers=Electoral,
Bromsgrove District Council,E07000234,http://www.bromsgrove.gov.uk/council/elections/current-elections.aspx,http://www.bromsgrove.gov.uk/media/776022/Description-of-Polling-Districts-FINAL-RECOMMENDATIONS.pdf,,http://www.bromsgrove.gov.uk/council/elections/voting/where-do-i-go-to-vote/where-is-my-polling-station.aspx,
Malvern Hills District Council,E07000235,http://www.malvernhills.gov.uk/elections,,,,
Redditch Borough Council,E07000236,http://www.redditchbc.gov.uk/council/elections/current-elections.aspx,,,,
Worcester City Council,E07000237,http://www.worcester.gov.uk/2016-elections,http://www.worcester.gov.uk/documents/10499/8278410/Situation+of+Polling+Station+Notice+PCC+Worcester.pdf/4950b79a-288c-4be7-830d-c28ea5015a45,,http://www.worcester.gov.uk/polling-station-locations,
Wychavon District Council,E07000238,http://www.wychavon.gov.uk/current-elections,,,http://www.wychavon.gov.uk/polling-station-maps,
Wyre Forest District Council,E07000239,http://www.wyreforestdc.gov.uk/the-council/elections-and-voting/upcoming-elections-and-vacancies.aspx,http://www.wyreforestdc.gov.uk/media/1904336/Situation-of-Polling-Station-Notice.pdf,,,
St Albans City Council,E07000240,http://www.stalbans.gov.uk/council-and-democracy/elections/election-referendum/,http://www.stalbans.gov.uk/Images/ldrsPollingStations_tcm15-40023.pdf,,,
Welwyn Hatfield Borough Council,E07000241,http://www.welhat.gov.uk/eureferendum2016,,,,
East Hertfordshire District Council,E07000242,http://www.eastherts.gov.uk/elections,,,http://democracy.eastherts.gov.uk/pollingstations/findmyeasthertspollingstation.asp,
Stevenage Borough Council,E07000243,http://www.stevenage.gov.uk/about-the-council/elections-and-voting/161287/,,,,
Bolton Borough Council,E08000001,http://www.bolton.gov.uk/website/pages/Noticesandresults.aspx,,,,
Bury Borough Council,E08000002,http://www.bury.gov.uk/index.aspx?articleid=12079,,,,
Manchester City Council,E08000003,http://www.manchester.gov.uk/info/362/elections_and_voting/4981/upcoming_elections,,,,
Oldham Borough Council,E08000004,http://www.oldham.gov.uk/info/200038/elections/1598/european_union_referendum_thursday_23_june_2016,,,http://www.oldham.gov.uk/directory/59/polling_stations,
Rochdale Borough Council,E08000005,http://www.rochdale.gov.uk/council-and-democracy/elections/Pages/elections-2016.aspx#electionnotices,http://www.rochdale.gov.uk/council-and-democracy/elections/Pages/polling-stations.aspx ???,,http://www.rochdale.gov.uk/council-and-democracy/elections/Pages/polling-stations.aspx,
Salford City Council,E08000006,http://www.salford.gov.uk/your-council/elections/european-union-referendum-23-june-2016/,,http://www.salford.gov.uk/media/388739/list-of-polling-places-23-june-2016.pdf,,
Stockport Borough Council,E08000007,http://www.stockport.gov.uk/services/councildemocracy/elections/eureferendum/,,,http://www.stockport.gov.uk/services/councildemocracy/elections/polling_stations,
Tameside Borough Council,E08000008,http://www.tameside.gov.uk/elections/2015/votersinformation,,,,
Trafford Borough Council,E08000009,http://www.trafford.gov.uk/about-your-council/elections/elections-2016.aspx,http://www.trafford.gov.uk/about-your-council/elections/docs/list-of-polling-stations-in-trafford.pdf,,http://www.trafford.gov.uk/about-your-council/elections/polling-places.aspx,
Wigan Borough Council,E08000010,http://www.wigan.gov.uk/Council/Voting-and-Elections/Elections.aspx,,,https://apps.wigan.gov.uk/PollingStations,
Knowsley Borough Council,E08000011,http://www.knowsley.gov.uk/your-council/voting-and-elections,,,,
Liverpool City Council,E08000012,http://liverpool.gov.uk/council/voting-and-elections/eu-referendum/,,,http://liverpool.gov.uk/council/voting-and-elections/polling-stations-2016/,
St Helens Borough Council,E08000013,"http://www.sthelens.gov.uk/what-we-do/council,-meetings-and-democracy/councillors,-democracy-and-elections/elections/eu-referendum-23-june-2016/",,,,
Sefton Borough Council,E08000014,"http://www.sefton.gov.uk/your-council/councillors,-meetings,-decisions/elections.aspx",,,,
Wirral Borough Council,E08000015,https://www.wirral.gov.uk/elections-and-voting/european-union-referendum-23-june-2016,https://www.wirral.gov.uk/sites/default/files/all/Elections%20and%20voting/2016-05-05election/Wirral%20polling%20stations%202016.pdf,,,
Barnsley Borough Council,E08000016,https://www.barnsley.gov.uk/services/voting-and-elections/eu-referendum/,,,,
Doncaster Borough Council,E08000017,http://www.doncaster.gov.uk/services/the-council-democracy/upcoming-elections,,,http://apps.doncaster.gov.uk/FindMyPollingStation/,
Rotherham Borough Council,E08000018,http://www.rotherham.gov.uk/downloads/download/292/referendum_notices,,,http://www.rotherham.gov.uk/info/999/elections_-_polling_stations/716/find_your_polling_station,
Sheffield City Council,E08000019,https://www.sheffield.gov.uk/your-city-council/elections/elections5may.html,,,https://www.sheffield.gov.uk/your-city-council/elections/voting-in-person/map.html,
Newcastle upon Tyne City Council,E08000021,http://www.newcastle.gov.uk/your-council-and-democracy/elections/referenda,,,,
North Tyneside Borough Council,E08000022,http://my.northtyneside.gov.uk/category/612/eu-referendum-2016,,,http://my.northtyneside.gov.uk/page/7163/find-your-polling-station,
South Tyneside Borough Council,E08000023,http://www.southtyneside.gov.uk/article/30516/The-EU-referendum,,,http://www.southtyneside.gov.uk/article/15635/Find-your-polling-station,
Sunderland City Council,E08000024,http://www.sunderland.gov.uk/index.aspx?articleid=616,http://www.sunderland.gov.uk/CHttpHandler.ashx?id=15575&p=0&fsize=25kb&ftype=Polling%20Stations.PDF,http://www.sunderland.gov.uk/CHttpHandler.ashx?id=15575&p=0&fsize=25kb&ftype=Polling%20Stations.PDF ???,,
Birmingham City Council,E08000025,http://www.birmingham.gov.uk/cs/Satellite/election?packedargs=website%3D4&rendermode=live,,,,
Coventry City Council,E08000026,http://www.coventry.gov.uk/eureferendum,,,http://www.coventry.gov.uk/downloads/download/3603/polling_station_maps_-_may_2015,
Dudley Borough Council,E08000027,http://www.dudley.gov.uk/community/elections/democracy-elections/eu-referendum-2016/,http://www.dudley.gov.uk/EasysiteWeb/getresource.axd?AssetID=286764&type=full&servicetype=Attachment,,,
Sandwell Borough Council,E08000028,http://www.sandwell.gov.uk/info/200205/elections_and_voting/3639/eu_referendum_2016,,,http://www.sandwelltrends.info/web_mapping/find_my_polling_station.asp,
Solihull Borough Council,E08000029,http://www.solihull.gov.uk/EUReferendum,,,,
Walsall Borough Council,E08000030,http://cms.walsall.gov.uk/index/council_and_democracy/elections.htm,,,,
Wolverhampton City Council,E08000031,http://www.wolverhampton.gov.uk/article/1895/Elections-and-Voting,,,http://www.wolverhampton.gov.uk/article/4464/Find-your-nearest-polling-station,
Bradford City Council,E08000032,https://www.bradford.gov.uk/your-council/elections-and-voting/notice-of-referendum-on-the-united-kingdoms-membership-of-the-european-union/,https://www.bradford.gov.uk/your-council/elections-and-voting/polling-stations/,https://www.bradford.gov.uk/your-council/elections-and-voting/polling-stations/ ???,,
Kirklees Borough Council,E08000034,http://www.kirklees.gov.uk/beta/voting-and-elections/key-dates-referendum-2016.aspx,,,http://www.kirklees.gov.uk/beta/PollingStation/default.aspx,
Leeds City Council,E08000035,http://www.leeds.gov.uk/council/Pages/EU-Referendum.aspx,,,http://www.leeds.gov.uk/Whereilive/Pages/default.aspx,
Wakefield City Council,E08000036,http://www.wakefield.gov.uk/about-the-council/elections/elections-2016/referendum-on-the-european-union,http://www.wakefield.gov.uk/Documents/elections/2016/2016-pcc-polling-stations.pdf,,http://www.wakefield.gov.uk/about-the-council/elections/polling-stations,
Gateshead Borough Council,E08000037,http://www.gateshead.gov.uk/Council%20and%20Democracy/voting/Referenda.aspx,http://www.gateshead.gov.uk/DocumentLibrary/council/ElectoralServices/Elections2016/Gateshead-PCC-Situation-of-Polling-Station-Notice.pdf,,,
Barking and Dagenham Borough Council,E09000002,https://www.lbbd.gov.uk/council/voting-and-elections/elections/referendums/,https://www.lbbd.gov.uk/wp-content/uploads/2014/11/Polling-Station-List-GLA-2016.doc,,,
Barnet Borough Council,E09000003,https://www.barnet.gov.uk/citizen-home/council-and-democracy/democracy-and-elections/elections-in-barnet/EU-Referendum.html,,,,
Bexley Borough Council,E09000004,http://www.bexley.gov.uk/article/19909/Referendum-on-the-United-Kingdoms-membership-of-the-European-Union,http://www.bexley.gov.uk/CHttpHandler.ashx?id=15437&p=0,,,
Brent Borough Council,E09000005,https://www.brent.gov.uk/services-for-residents/voting-and-elections/election-notices/,https://www.brent.gov.uk/media/16404442/situation-of-polling-stations.pdf,,,
Bromley Council,E09000006,http://www.bromley.gov.uk/info/200141/elections/1085/eu_referendum_2016,http://www.bromley.gov.uk/download/downloads/id/2603/notice_of_poll_and_situation_of_polling_stations_-_election_of_a_member_of_the_london_assembly_for_the_bexley_and_bromley_constituency.pdf,,,
Croydon Borough Council,E09000008,https://www.croydon.gov.uk/eu-referendum/eu-referendum,,,http://maps.croydon.gov.uk/aya/pages/aya/aya.html?layer=WARD_REP_COUNCILLORS,
Enfield Borough Council,E09000010,https://new.enfield.gov.uk/services/councillors-and-democracy/electoral-services/elections-and-referendums-2016/,https://new.enfield.gov.uk/services/councillors-and-democracy/electoral-services/elections-and-referendums-2016/democracy-information-situation-of-polling-stations.pdf,,,
Greenwich Borough Council,E09000011,http://www.royalgreenwich.gov.uk/elections,http://www.lewisham.gov.uk/mayorandcouncil/elections/Documents/Situation%20of%20Polling%20Station%20Notice%20%28Greenwich%29%202016.pdf,,http://www.royalgreenwich.gov.uk/findpollingstation,
Hackney Borough Council,E09000012,http://www.hackney.gov.uk/european-referendum,,,,
Hammersmith and Fulham Borough Council,E09000013,https://www.lbhf.gov.uk/councillors-and-democracy/elections/eu-referendum-2016,,,https://www.lbhf.gov.uk/polling-stations-search,
Harrow Borough Council,E09000015,http://www.harrow.gov.uk/info/687/election_information/1782/eu_referendum,,,http://www.harrow.gov.uk/info/687/election_information/680/polling_stations,
Havering Borough Council,E09000016,https://www.havering.gov.uk/Pages/ServiceChild/Referendum-on-the-UK's-membership-of-the-European-Union.aspx,https://www.havering.gov.uk/Documents/Council-democracy-elections/Elections-and-Voting/GLA-2016/Situation%20of%20Polling%20Station%20Notice%20-%20Havering.pdf,,,
Hillingdon Borough Council,E09000017,http://www.hillingdon.gov.uk/article/29392/Upcoming-elections,,,http://www.hillingdon.gov.uk/webmap?dt=64,
Hounslow Borough Council,E09000018,http://www.hounslow.gov.uk/index/council_and_democracy/elections.htm,,,,
Islington Borough Council,E09000019,http://www.islington.gov.uk/involved/involvedvoting/votingelection/Pages/Working-at-the-election.aspx,,,,
Kensington and Chelsea Borough Council,E09000020,https://www.rbkc.gov.uk/council/local-democracy-and-elections/referendum-uk%E2%80%99s-membership-european-union,,,https://www.rbkc.gov.uk/yourcouncil/localdemocracy/postcodesearch.asp,
Kingston upon Thames Borough Council,E09000021,https://www.kingston.gov.uk/info/200263/voting_in_elections/642/coming_elections/3,,,https://www.kingston.gov.uk/info/200263/voting_in_elections/635/where_to_vote_-_polling_districts_and_stations,
Lambeth Borough Council,E09000022,http://www.lambeth.gov.uk/elections-and-council/elections/elections-guide#eu-referendum,,,http://www.lambeth.gov.uk/elections-and-council/elections/find-your-polling-station,
Lewisham Borough Council,E09000023,http://www.lewisham.gov.uk/mayorandcouncil/elections/Pages/Referendums.aspx,http://www.lewisham.gov.uk/mayorandcouncil/elections/Documents/Situation%20of%20Polling%20Stations%20Greenwich%20and%20Lewisham%20Constituency%202016.pdf,,,
Merton Borough Council,E09000024,http://www.merton.gov.uk/council/voting/officialnotices.htm,,,http://maps.merton.gov.uk/MyNeighbourhood/MyNeighbourhood-search.aspx,
Newham Borough Council,E09000025,https://www.newham.gov.uk/Pages/Services/Elections-voting.aspx?l1=100004&l2=200033,,,https://mapping.newham.gov.uk/LocalView/Sites/PollingStations/,
Redbridge Borough Council,E09000026,http://www2.redbridge.gov.uk/cms/the_council/council_people_and_elections/voting_and_elections.aspx,https://www.havering.gov.uk/Documents/Council-democracy-elections/Elections-and-Voting/GLA-2016/Redbridge%20Poll%20Stations%20Notice.pdf,,,
Richmond upon Thames Borough Council,E09000027,http://www.richmond.gov.uk/home/council/elections_voting_and_registration/electoral_data/scheduled_elections/eu_referendum_2016.htm,,,http://www.richmond.gov.uk/polling_stations_map,
Southwark Borough Council,E09000028,http://www.southwark.gov.uk/downloads/200033/voting_and_elections,http://www.southwark.gov.uk/download/downloads/id/11793/polling_station_list_as_of_24_march_2015,,,
Sutton Borough Council,E09000029,https://www.sutton.gov.uk/downloads/200474/democracy_and_voting,https://www.sutton.gov.uk/download/downloads/id/2190/list_of_polling_stations_2015pdf.pdf,,,
Tower Hamlets Borough Council,E09000030,http://www.towerhamlets.gov.uk/lgnl/council_and_democracy/elections__voting/election_2016/EU_Referendum.aspx,http://www.towerhamlets.gov.uk/Documents/Democracy/Representation/Elections/Polling_Station_List.pdf,,http://www.towerhamlets.gov.uk/lgnl/council_and_democracy/elections__voting/election_2016/polling_station_finder.aspx,
Waltham Forest Borough Council,E09000031,https://www.walthamforest.gov.uk/service-categories/elections-and-voting,,,https://www.walthamforest.gov.uk/content/find-your-polling-station,
Wandsworth Borough Council,E09000032,http://www.wandsworth.gov.uk/info/200326/elections_voting_and_registration/2146/referendum_on_the_uks_membership_of_the_european_union,,,,
Westminster City Council,E09000033,https://www.westminster.gov.uk/23-june-2016-referendum-uks-membership-european-union,http://transact.westminster.gov.uk/docstores/publications_store/elections/2016/situation_of_polling_stations_gla_westminster.pdf,,,